Date,sigma_gru_h5,sigma_naive_h5,sigma_mean5_h5,sigma_mean22_h5,sigma_gru_h5_ann,sigma_naive_h5_ann,sigma_mean5_h5_ann,sigma_mean22_h5_ann
2025-01-01,0.02607812869171406,1e-06,0.0346752254120633,0.023238250904476437,0.41397745905728156,1.5874507866387543e-05,0.55045213857256,0.36889579678419865
2025-01-02,0.024146032306055998,0.030815176777219695,0.03727119496879326,0.023967828710463115,0.3833063797845337,0.4891757661540968,0.5916618777217725,0.38047748540447596
2025-01-03,0.022369379077267656,0.013129496051357036,0.030959401475367705,0.023837436399973887,0.35510288412829033,0.20842428834897148,0.49146526225937476,0.3784075716458983
2025-01-06,0.022595658257255975,0.01423140644128682,0.02095097939714275,0.02337250058998609,0.35869495475101465,0.22591657350196598,0.33258648724846596,0.3710269444728817
2025-01-07,0.020943815038246973,0.008414408838915238,0.016705053078511903,0.02312374214650388,0.3324727565768173,0.13357459930436083,0.26518449650325865,0.36707802660499306
2025-01-08,0.021756792623318814,0.01230666780801367,0.017588337410431948,0.02307061696029822,0.345378375646237,0.19536229492733137,0.2792062005785803,0.366234690418668
2025-01-09,0.021547350995665338,0.016079018407813332,0.013082108220493362,0.02315493744069934,0.3420535928805029,0.2552465041986229,0.20767202985515504,0.3675732365480931
2025-01-10,0.0200406797999519,0.012327818516740908,0.012925163211990788,0.021556095001518713,0.3181359291320904,0.19569805201940157,0.20518060508309066,0.34219239967020604
2025-01-13,0.01926287808154586,0.014730550069532366,0.013036528650959963,0.021418844518691946,0.30578870963476396,0.23384023295500714,0.20694847662005053,0.34001361580090705
2025-01-14,0.017995281555888476,0.006683044397759711,0.012834455209711864,0.02131248696115261,0.2856662386168103,0.10609004086365374,0.20374066018736958,0.3383252419170991
2025-01-15,0.016994017837753967,0.00914179120602119,0.012294181360045897,0.021102246904026595,0.2697716698469556,0.14512143641285585,0.1951640787108437,0.33498778447642236
2025-01-16,0.0159881223651497,0.009450238686424818,0.01083057389836753,0.02103594836747799,0.25380357425433553,0.15001788836689067,0.17193003054712697,0.3339353278364516
2025-01-17,0.015030407662951129,0.012037943782000314,0.010765162664418964,0.02077969869485359,0.23860032468052933,0.191096433262495,0.17089165939926035,0.3298674903926163
2025-01-20,0.014823819053189363,0.008628066286300091,0.009347706226093969,0.02069374671235975,0.2353208321697601,0.13696630613358396,0.14839023601880855,0.32850304497038624
2025-01-21,0.014256251084801361,0.01491856141981525,0.011088719050106735,0.02068591237911444,0.22631096999087516,0.23682482061404292,0.17602795778908079,0.32837867878565563
2025-01-22,0.013426142218865404,0.019304160223001156,0.013445272078481714,0.02062639179233004,0.21313340026861677,0.3064440433140374,0.21343707737557877,0.3274338187625347
2025-01-23,0.012706466071496827,0.0110273237841781,0.013683358980400243,0.020608038626987287,0.2017088956059628,0.1750533381571377,0.21721658977296832,0.32714247129492807
2025-01-24,0.013061431606810947,0.014417942381359416,0.014136028699362492,0.02083233333333547,0.2073437987886033,0.2288777397500124,0.22440249878750995,0.33070303937524137
2025-01-27,0.0124409269316438,0.015304720077070995,0.015224503050957032,0.02106937392649103,0.19749359244153217,0.24295489925632288,0.24168149344425857,0.33446594213594244
2025-01-28,0.01199027900828,0.008799506318022851,0.014239349018455865,0.018485827322854663,0.1903397784371223,0.13968783226578066,0.22604265800571538,0.2934534112533381
2025-01-29,0.014303701540328643,0.010379238706335836,0.012238245761178356,0.014810098699238976,0.22706422262040668,0.1647653064908423,0.19427612860660984,0.23510302830304508
2025-01-30,0.013569427141327669,0.011862909096081788,0.012393547022023195,0.013644781146823132,0.21540797789737873,0.1883178437639907,0.19674145969355114,0.21660418565038025
2025-01-31,0.012745871091588836,0.00938717183795676,0.01138632488152784,0.013790774503761564,0.20233443090738856,0.1490167331847762,0.18075230390105793,0.21892175834353975
2025-02-03,0.01283952187232453,0.013359323316287393,0.010885577930183587,0.012455332101618167,0.20382109096287068,0.21207268307401875,0.17280319248287399,0.1977222674256069
2025-02-04,0.01284226043244724,0.013668377906053812,0.011847972632581492,0.012481654608368236,0.20386456425708122,0.21697877259040896,0.18808073475665923,0.1981401242660739
2025-02-05,0.01839456688018503,0.025006323078661522,0.015617041174969733,0.013229101363339085,0.29200469663828904,0.39696307242164075,0.2479128429817552,0.21000547365756447
2025-02-06,0.017782267873373184,0.008822554999509295,0.015209002201334577,0.013241182149925285,0.2822847512380731,0.14005371874134706,0.24143542508499122,0.21019725019925928
2025-02-07,0.0165831097260345,0.009015251120822847,0.015163934169317671,0.01312017285126991,0.26324870579510246,0.1431126748349614,0.24071999225621624,0.20827628713584848
2025-02-10,0.015534886862018017,0.012270538455728014,0.014978778935423941,0.012931792861138783,0.24660868369454553,0.19478875924026523,0.2377807440392674,0.20528584750064188
2025-02-11,0.014935229725628595,0.00834086673107491,0.014174375437556324,0.012786148068972924,0.23708942176579623,0.13240715453493881,0.22501123438461826,0.2029738081017066
2025-02-12,0.015656134612087366,0.02313853217343961,0.013525088335763283,0.013340105934410715,0.2485334320568032,0.3673128110039284,0.21470412117966065,0.21176761659424606
2025-02-13,0.021984345069805924,0.026020239612749532,0.017400318762807194,0.014377183891958814,0.3489906587480124,0.4130584984178812,0.27622149707783356,0.2282307187894005
2025-02-14,0.02193626639751168,0.018593170981158647,0.018858879710099433,0.01478575608678163,0.3482274334864719,0.29515743900149155,0.2993754343092299,0.2347166013101025
2025-02-17,0.02030107017483315,0.011975232472749746,0.018820875635222185,0.014868679724992397,0.3222694981864744,0.1901009220904854,0.29877213832363625,0.2360329732571888
2025-02-18,0.018833832587434242,0.01224479845308611,0.019243138152151795,0.014876355564626707,0.29897782356345093,0.1943801493658455,0.30547534797031595,0.23615482343384478
2025-02-19,0.01910703866944064,0.01736348586137012,0.017986610574705287,0.01521927324882499,0.3033148356614065,0.2756367928942289,0.2855285910578085,0.24159847290917383
2025-02-20,0.01790692340829937,0.013491453435764435,0.014983706124554097,0.015158606858906923,0.2842635965078476,0.2141701836950438,0.23785896074187324,0.24063542382519412
2025-02-21,0.016708895838890733,0.02422983448994029,0.016516271482453295,0.015476768865506134,0.26524549843312106,0.38463669821182533,0.2621876815715971,0.24568608910173895
2025-02-24,0.015812571373881604,0.010764452575375118,0.01634872083608684,0.0154683545119544,0.251016788662498,0.17088038708514797,0.2595278975178345,0.24555251538009137
2025-02-25,0.015542427588047499,0.01416634689474672,0.016656252039801752,0.015457784344636847,0.2467283890092188,0.22488378521863156,0.2644098040303665,0.24538471917585986
2025-02-26,0.014568545289547616,0.015671280863139427,0.016317181513364986,0.015474469763054888,0.23126848680074683,0.24877387133827542,0.2590272262911859,0.245649591981791
2025-02-27,0.013834091398913772,0.0049781955301395385,0.015323284097265182,0.015396950461263425,0.21960939273638094,0.07902640410361542,0.2432495939409273,0.24441901121570556
2025-02-28,0.014715476951070937,0.010132400491798576,0.011743899164617346,0.015389475123586899,0.2336009546174202,0.16084687131244552,0.18642861967078017,0.24430034390895566
2025-03-03,0.013766999165101304,0.012948892280535043,0.012176996427600692,0.015429216647497046,0.2185443365429514,0.20555729236835849,0.1933038255789202,0.24493122104288953
2025-03-04,0.012969884434994014,0.007508199830539112,0.010927798409030064,0.015382383739788187,0.20589053248944986,0.11918897727230277,0.17347342180644504,0.24418777168105943
2025-03-05,0.012728274609140862,0.012308712323772947,0.010029947612226099,0.01534248843304762,0.20205509540834746,0.19539475060883496,0.15922048226973817,0.24355445332037434
2025-03-06,0.013062831897758618,0.008108657499142401,0.010430408824413356,0.015162076945840897,0.20736602771826732,0.1287209472559784,0.16557760693278786,0.24069050974752454
2025-03-07,0.01330837201047521,0.022784967201128468,0.013859699360754547,0.015002101727451391,0.21126385616910054,0.36170014106969606,0.2200159065280645,0.23815098188477327
2025-03-10,0.016380229111715747,0.015238923310870752,0.014317872078168599,0.015234193812026942,0.26002807588716187,0.24191040797369429,0.227289172934818,0.24183532950709413
2025-03-11,0.016709644827868127,0.026524478372460032,0.0182876034103433,0.01613585468960972,0.26525738826453454,0.4210630405754431,0.2903067041948704,0.2561487522010959
2025-03-12,0.01666211806078687,0.01065307391980831,0.01807852746957838,0.016083545536239825,0.2645029242266391,0.169112305741205,0.2869877265285253,0.25531837013444136
2025-03-13,0.01589224451135836,0.007915916976438007,0.018061435117293422,0.016073780595783932,0.2522815605101126,0.12566128631213586,0.2867163938477227,0.2551633565103595
2025-03-14,0.015089943103878822,0.01419435396152287,0.016207418958671366,0.01559450560491098,0.23954542050586483,0.225328383620484,0.25728479975326723,0.247555101897584
2025-03-17,0.016364051305728055,0.013568650443279168,0.015907769407974833,0.01485873590105834,0.2597712611787494,0.215395648198098,0.2525280106035756,0.23587511994592564
2025-03-18,0.01679148365687797,0.01702542095407629,0.013050690735888274,0.014773076967964392,0.26655653939942725,0.27027017886404336,0.20717329274864946,0.2345153265386994
2025-03-19,0.018390275622067225,0.014301619916509458,0.01373062993248671,0.014866823662238682,0.2919365750275413,0.22703117786671417,0.21796699287371657,0.23600350917440444
2025-03-20,0.017303817801820498,0.017324697755545404,0.01536316635630494,0.015094706885130297,0.2746895918135363,0.27502105080319217,0.24388270517578323,0.2396210431888151
2025-03-21,0.016148204555661908,0.009498566545962905,0.014621063466800218,0.01477318823844061,0.25634480024689016,0.1507850693532937,0.2321021870186716,0.2345170929027494
2025-03-24,0.015349124525301109,0.012840561408641758,0.014488955979904142,0.014746797337211901,0.24365979801905444,0.2038375930903159,0.23000504567873115,0.2340981503335932
2025-03-25,0.01469047335353766,0.009878216808007564,0.013094758001433246,0.013972035358661958,0.2332040348116902,0.15681183042459773,0.2078728389021933,0.22179918521052416
2025-03-26,0.014000959571082976,0.006855188575484589,0.011830644223790182,0.013859540784336976,0.22225834284813067,0.10882274496710012,0.18780565479498962,0.2200133892054763
2025-03-27,0.013321940268346799,0.01209472643886996,0.010449478159788651,0.013770040238681221,0.21147924558541625,0.19199782999564657,0.16588032324720978,0.21859261208941808
2025-03-28,0.012766146868197938,0.01983437132783139,0.013031787970973131,0.01401188038436669,0.20265629888266687,0.31486088366851095,0.20687322065830754,0.22243170538451035
2025-03-31,0.014448260949384185,0.03265992267165983,0.018713246753204,0.015610616346967214,0.2293590320966192,0.5184601993668729,0.29706358278938805,0.24781085199908903
2025-04-01,0.014280815140236217,0.016270176525127196,0.019586053696875744,0.0158447907191512,0.22670091228210618,0.25828104523564566,0.31091896348254283,0.2515282549124301
2025-04-02,0.013273204364802043,0.008966944831223149,0.019755910438575084,0.015719118256635772,0.21070558710121953,0.142345836260715,0.31361535566480797,0.24953326641764062
2025-04-03,0.012486453999246543,0.006429602995322898,0.019217374291674187,0.015697367559906344,0.19821631223432545,0.10206678332700227,0.30506635936449567,0.2491879848113099
2025-04-04,0.011972180108676948,0.016910571490742116,0.01864994646375426,0.015890855992607825,0.1900524673130007,0.26844700015489464,0.29605872184657356,0.25225951845828454
2025-04-07,0.012764384503324084,0.015494505319944873,0.013509342409573457,0.016138257848668177,0.20262832220761343,0.24596764658724854,0.21445416235049672,0.2561869011684735
2025-04-08,0.012247969569173496,0.0117146007741664,0.012530162719095071,0.015591126849362109,0.19443048927311993,0.18596352214109413,0.19891016665139064,0.24750146581604485
2025-04-09,0.011673801649188666,0.012925975229064924,0.013203784494238764,0.015495875189388305,0.18531585611069337,0.20519349545452167,0.20960358081987915,0.24598939259050423
2025-04-10,0.014413060259590951,0.011025329004846068,0.013797954267491976,0.01461738874237461,0.22880023846959427,0.17502167201693966,0.21903573355935696,0.2320438525768705
2025-04-11,0.013546005874005814,0.019266004714408227,0.01440228606403164,0.015012703914172157,0.21503617680503717,0.3058383433927329,0.22862920341743398,0.23831928638127298
2025-04-14,0.013635036864768647,0.008061672085830782,0.013130423306660756,0.015016229022391074,0.21644949996825405,0.12797507694275764,0.20843900807058452,0.23837524573942406
2025-04-15,0.012895497950005653,0.00678782602081699,0.012416785347677555,0.014779149697012342,0.20470968364834918,0.10775339756312936,0.19711035667695295,0.2346117281237415
2025-04-16,0.012437600995372862,0.01579760290412441,0.013064196980645232,0.014879466983262538,0.19744079484003604,0.2507791715715897,0.20738769773728913,0.2362042156734549
2025-04-17,0.012246857691359038,0.013176419652883707,0.01345679284933078,0.014700836255954966,0.19441283876000784,0.20916917743052585,0.2136199639430491,0.2333685407876323
2025-04-18,0.011593403400442858,0.015959758783559354,0.012561539171001298,0.01477820642630898,0.18403957347853425,0.25335331635526065,0.19940825238399537,0.23459675416554085
2025-04-21,0.011909871352281685,0.026803442133366006,0.016984671236735787,0.015408052546116916,0.18906334646945927,0.425491452992382,0.2696232971555685,0.2445952513490456
2025-04-22,0.01137444444269697,0.007500908265660821,0.017044555305557256,0.01535788025469661,0.18056370778138114,0.11907322726828405,0.2705739272771462,0.24379879091421927
2025-04-23,0.014556108247007508,0.010642638626722229,0.01622520155341067,0.01528130829393871,0.2310710548711093,0.16894665059902195,0.2575670896933411,0.2425832487208233
2025-04-24,0.013458714024976533,0.007057099652555347,0.015443253853259035,0.015210086243907364,0.21365046166095034,0.11202798394837067,0.2451540547761803,0.24145263372734044
2025-04-25,0.012608491936175397,0.0052095374189035926,0.013891694119656538,0.015180390442564381,0.20015360442410027,0.08269884273662534,0.2205238075799373,0.24098122749532255
2025-04-28,0.012183004836632054,0.00478777440840186,0.007340219358571426,0.014994565627563208,0.19339920611535305,0.0760035625086643,0.11652236994865224,0.23803135000781642
2025-04-29,0.011668951230629084,0.014517659890116589,0.009207528713341021,0.014715134643407107,0.185238858103114,0.23046070612719471,0.14616498698992123,0.23359552065171799
2025-04-30,0.011059528982510964,0.008255467661420757,0.00870379129350754,0.013082355091026234,0.17556457983141133,0.1310514863319318,0.13816840335618086,0.2076759488033711
2025-05-01,0.010203505347237291,0.0015501746462354472,0.0081410109978113,0.012618422177126583,0.16197562589944575,0.024608259615939133,0.129234543125103,0.20031124211219498
2025-05-02,0.0109070380165561,0.006377036690755553,0.008305511629860119,0.012546642467632527,0.1731438607928078,0.10123231911164102,0.1318459097025877,0.19917177454918458
2025-05-05,0.012334691075130338,0.0173965899672637,0.011176995802736976,0.013011363506297101,0.1958071505016168,0.27616230428364624,0.17742930779312868,0.20654899233314114
2025-05-06,0.011706250030449547,0.008781438155678278,0.009909363080127737,0.012641290559808362,0.18583095819427076,0.13940100908051056,0.15730626216637805,0.20067426643296846
2025-05-07,0.011091650323112427,0.006486706950110371,0.009642634536441166,0.012280151513597053,0.17607449030546818,0.10297328050647783,0.1530720778014355,0.19494136180302732
2025-05-08,0.01274165679722225,0.009653390897529415,0.010542171677633598,0.012198365670810167,0.20226753105831494,0.1532428297401446,0.16735178722540253,0.19364305179834776
2025-05-09,0.012021688527083041,0.01704699215999409,0.012693464957615001,0.012426368329508022,0.19083838909044062,0.270612611142073,0.20150250932137398,0.19726248179740413
2025-05-12,0.012720917789377463,0.01633834878567293,0.012409033497448542,0.012689483151432923,0.20193830951514177,0.2593632463219483,0.19698729986951344,0.20143930010781413
2025-05-13,0.012443268468348659,0.01357075160155472,0.013243656629900218,0.012349994441820611,0.19753076318437288,0.21542900305167176,0.21023653135108658,0.19605008391652373
2025-05-14,0.01171052872171449,0.0029127831595449493,0.012987525887027136,0.012245566412159138,0.18589888031241394,0.046238999179277464,0.20617058185852413,0.19439234033819133
2025-05-15,0.011166795222376921,0.004837159202611766,0.012438563395038833,0.012203407228503849,0.17726737859996128,0.07678752181282937,0.1974560724611041,0.19372308404561497
2025-05-16,0.01124895281716036,0.007819170396642339,0.010431958403396746,0.011847294328318174,0.17857158998463446,0.12412548197012342,0.1656022057365493,0.1880699670102954
2025-05-19,0.010690013827049056,0.007884654569700113,0.008238384760282902,0.011631528795502334,0.16969870858928185,0.12516501099045294,0.13078030368343818,0.18464479536231504
2025-05-20,0.010258213678964774,0.009914910722300344,0.007120324050102616,0.011321792583844663,0.1628440937418106,0.157394328255687,0.1130316401445824,0.17972788543385027
2025-05-21,0.010272737992502291,0.008017816040367933,0.007865063778698826,0.009922166608881556,0.1630746600713158,0.127278883804069,0.12485401682459427,0.15750951188429807
2025-05-22,0.009758112845168435,0.004951584450415705,0.00787929210821871,0.009849183511329598,0.15490523912172366,0.07860396630920635,0.1250798845534832,0.1563509411280962
2025-05-23,0.009426806956897245,0.006102194560801086,0.007569855657796,0.009672153492455048,0.14964592119218215,0.09686933555766412,0.12016773318710086,0.15354067670088542
2025-05-26,0.009015951213499962,0.0037855805136159763,0.0069090725215604255,0.00958844032798775,0.14312378846167148,0.06009422764224022,0.10967812609295301,0.1522117714130291
2025-05-27,0.008966381465281366,0.003181346308109287,0.005486199508618711,0.009548016972905384,0.14233689310364053,0.05050230699378385,0.0870907172561392,0.1515700705447883
2025-05-28,0.008716629805079703,0.00666507503069622,0.005111355521766605,0.009599058334276685,0.13837220840912587,0.10580478600485035,0.08114025343818738,0.15238032703738816
2025-05-29,0.010646494917666565,0.01633945680431268,0.008638164578658432,0.009731246906653515,0.1690078673199529,0.25938083557256114,0.13712661155506353,0.1544787555694307
2025-05-30,0.012893090345429214,0.014030004134543224,0.010321760256826351,0.010027294408912106,0.20467146411056136,0.22271941099925618,0.16385286439195623,0.15917836397285906
2025-06-02,0.015460500538430183,0.014438309355575534,0.01205676433558772,0.010483943708876923,0.2454278374155988,0.2292010554424207,0.19139520028846807,0.16642744687733094
2025-06-03,0.01426815324061597,0.004333184768515889,0.012128341660140516,0.010436382076189047,0.22649991085698115,0.06878717569431618,0.1925314550901364,0.165672429365089
2025-06-04,0.013459353445489125,0.00928507047084084,0.012468140724334163,0.009953913688147267,0.2136606121469074,0.1473959242293256,0.19792559800766957,0.15801348114383643
2025-06-05,0.013573998531191905,0.021136232065119838,0.013834992756481661,0.01076483205010185,0.21548054646173886,0.3355272821835375,0.21962370134418283,0.17088641105968258
2025-06-06,0.01295687526467705,0.021091483691461823,0.015524463218749304,0.011584018608570171,0.20568401831291805,0.3348169237738953,0.2464432134874799,0.18389059452612688
2025-06-09,0.012078312523088644,0.006879378683571284,0.014449262023899352,0.011493687223811165,0.19173726716045789,0.10920675102821113,0.22937492366188508,0.18245662824818834
2025-06-10,0.0115021247993925,0.007301227680349532,0.014686301784850399,0.011014483431768373,0.1825905706081275,0.11590339624599513,0.2331378132117491,0.17484950388180232
2025-06-11,0.011994877223289948,0.01253347888103698,0.015161219342727681,0.010785430087372502,0.19041277283746907,0.1989628090902237,0.24067689572015757,0.17121339476436767
2025-06-12,0.01161086873216212,0.011322793028815814,0.012890137282853119,0.010666859021952057,0.18431682702430077,0.1797437670054147,0.2046245856954672,0.16933113745362488
2025-06-13,0.010898146143528265,0.008258781484862972,0.009530319859919444,0.010793357714464947,0.1730027066844805,0.13110409164823306,0.15128913758548065,0.17133924194300848
2025-06-16,0.011095298142992824,0.008334727645293557,0.00975988541952333,0.01088993307501474,0.1761323976508547,0.1323096995694103,0.15493337786726422,0.1728723282637554
2025-06-17,0.010504859760672676,0.0044664511197277,0.009411886920014871,0.010803627110281065,0.16675947890609638,0.07090271343495283,0.1494090729493261,0.1715022635476745
2025-06-18,0.010066041977142753,0.007815948329469018,0.008329694260934092,0.010801357580586804,0.15979346254953986,0.12407433323943451,0.13222979706980142,0.17146623588068996
2025-06-19,0.009548920755474253,0.0033143891009360595,0.006777884117365645,0.01061603607610675,0.15158441764828734,0.05261429585507862,0.10759557473858412,0.16852434820001055
2025-06-20,0.009333085906921258,0.0032434332658376895,0.005865338068302873,0.010500301659333413,0.14815814564709223,0.051487906892643445,0.09310935530429629,0.16668712129053045
2025-06-23,0.009335085936795294,0.004270308741009511,0.004914851067931479,0.01048669441978739,0.14818989513706063,0.06778904970105898,0.07802084194000149,0.16647111305931728
2025-06-24,0.009116542662065791,0.006629471418312619,0.005381068867447118,0.01050123332500521,0.14472062820322104,0.10523959617999507,0.08542182006586238,0.16670191102456625
2025-06-25,0.008738971800032348,0.005922613709461027,0.004873762727987674,0.010546038814611863,0.1387268765837524,0.09401857792041378,0.07736858476434674,0.16741317612178439
2025-06-26,0.008870282022102645,0.004484255318091783,0.005057493179215172,0.010567540662481502,0.14081136173694445,0.0711853463219382,0.0802852152576526,0.16775450737493286
2025-06-27,0.008642110717849706,0.008284166963642195,0.006099159765420121,0.010619468274409976,0.13718925457269726,0.13150707363080583,0.09682115967451613,0.1685788326589741
2025-06-30,0.008308529658211154,0.003966162761868089,0.0060579478295984856,0.01006741128565333,0.13189381941738718,0.06296088196264833,0.09616694047512651,0.15981519964826252
2025-07-01,0.007685854832142492,0.004027026880273607,0.005581410462220231,0.009651040615959613,0.1220091629927587,0.06392706988905747,0.0886021442880528,0.15320552017687655
2025-07-02,0.007676686436559749,0.001997556305032362,0.004993467568317353,0.009156871050310376,0.1218636192249583,0.03171022327778827,0.0792688401938049,0.14536082151964844
2025-07-03,0.0075222898775706235,0.005088691275395975,0.005108029461889247,0.009174521568309961,0.11941264983474226,0.08078046968089107,0.0810874538745002,0.14564101480647867
2025-07-04,0.007363423157013841,0.004075047627752801,0.003960768001400631,0.009000439614723969,0.11689071882955643,0.06468937562266575,0.0628752427951704,0.1428775494648817
2025-07-07,0.007223069166669476,0.004150083248203778,0.003998278622557169,0.007841199400192555,0.11466266830575593,0.06588052916977404,0.06347070544579293,0.12447518156027
2025-07-08,0.007522633797128765,0.004283472654127303,0.0040512307315727775,0.0064882916592125485,0.11941810938847337,0.0679980203433998,0.06431129411690302,0.1029984369835863
2025-07-09,0.007335764341056343,0.003272218923011041,0.0042137759240504355,0.006358730562342446,0.11645164873806416,0.05194486503388095,0.06689161905353308,0.10094171833214405
2025-07-10,0.007252342255785326,0.0024068961470375154,0.003706154553087834,0.00618657350984818,0.11512736418919894,0.03820829181972491,0.05883337960704083,0.09820880984806973
2025-07-11,0.007240697057255542,0.019344551062136336,0.009233456021274847,0.006938511703052789,0.11494250239353225,0.3070852280076188,0.146576570243671,0.11014545861113353
2025-07-14,0.007123632527256876,0.008388629140852609,0.009792134173711302,0.006746407256877089,0.11308416059119346,0.13316535928467252,0.15544531096930236,0.10709589506914936
2025-07-15,0.007010208473753349,0.002621407306965012,0.009674224482305305,0.006536514722967149,0.11128360956161415,0.04161355091542187,0.15357355264555453,0.1037639543885
2025-07-16,0.007027450527010221,0.003039282293135642,0.009659015652202176,0.006323628474562707,0.11155731867167305,0.04824711067055412,0.15333211995244386,0.10038448996355796
2025-07-17,0.007088837354327364,0.0063065743354579476,0.010004625406610684,0.006394478406827203,0.11253180434481161,0.100113763898185,0.15881850471750197,0.10150919777062373
2025-07-18,0.0077118231868360835,0.003298343163039825,0.005236985000149771,0.006213459764643601,0.12242139784361927,0.05235957448772128,0.08313455958103112,0.09863561591131735
2025-07-21,0.007780059644771482,0.004580561498153822,0.004189093081672359,0.006249917010200118,0.12350461803188917,0.07271415953491477,0.0664997910780375,0.0992143567426911
2025-07-22,0.00763786867207129,0.004425196293402184,0.004482255909711246,0.006282785575182076,0.12124740631723067,0.07024781336992197,0.07115360669787323,0.09973612903605407
2025-07-23,0.007428526860518218,0.004212738518039958,0.004668254902310212,0.00628101869965659,0.11792420808296762,0.06687515074365911,0.07410624916902568,0.0997080807566258
2025-07-24,0.008598443458493567,0.009587350766411729,0.005676397343989854,0.006452250183081228,0.13649605832054465,0.15219447515921963,0.0901100142899083,0.10242629628722343
2025-07-25,0.008308338445687227,0.007323246468716104,0.006385269066447657,0.006517271804568246,0.13189078401267196,0.11625293367512861,0.10136300402432438,0.10345848252900437
2025-07-28,0.010455964271056018,0.016232470988697314,0.009448490630944767,0.007316950643051594,0.16598328707154586,0.2576824884009831,0.14999013884642173,0.11615299054109193
2025-07-29,0.009893502931424054,0.011723385714890558,0.010622855420271896,0.007527649693633906,0.15705449011101938,0.18610297875172552,0.16863260193260377,0.11949773427700124
2025-07-30,0.00950197659767034,0.011957105818604267,0.011742661539327445,0.007902482781682006,0.15083920224594818,0.1898131703766617,0.18640897297838,0.12544802508180314
2025-07-31,0.009777968693497898,0.010966469575702109,0.011981624767722448,0.008196256517974343,0.1552204409422235,0.1740873075459828,0.19020239662731384,0.13011153856951388
2025-08-01,0.009136483866620436,0.010347803680303372,0.012419692126115687,0.008477286416708377,0.145037185011789,0.16426629092280987,0.19715650035413493,0.1345727499076574
2025-08-04,0.0087767143810912,0.003506010371801025,0.010198458284128048,0.008440739410821966,0.13932602148366893,0.055656189226791684,0.1618955062564159,0.13399258417522067
2025-08-05,0.00839619957166581,0.0044622955487639455,0.008972369428529607,0.008449636538786026,0.13328553614816863,0.07083674579099938,0.14243194907332835,0.1341338217030744
2025-08-06,0.008117330266623847,0.0016850511944818262,0.007244088400630581,0.008410858983772479,0.12885862317158597,0.026749358442067477,0.11499633830061692,0.13351824710097257
2025-08-07,0.008970438649309258,0.0060524811436055,0.005979183168620397,0.008460121599714371,0.14240129890340666,0.0960801595253278,0.0949165902448365,0.13430026688526095
2025-08-08,0.009178881217537639,0.004859663836832301,0.0043656030149439,0.008494729329868141,0.14571022209243814,0.07714477180579343,0.06930179940225213,0.1348496475698248
2025-08-11,0.008791237357223494,0.005959992184478819,0.004868713311180041,0.008573897327211208,0.1395565665825244,0.0946119428161173,0.07728842775751331,0.13610640056641346
2025-08-12,0.008415542210437287,0.006192875359021588,0.005233764805188839,0.007631864384762734,0.13359259101950313,0.09830884860234579,0.0830834405707925,0.12115209121111896
2025-08-13,0.0080683845137127,0.004549986863230202,0.005564610554346272,0.007482497970463604,0.1280816334319717,0.07222880225230784,0.08833545401835305,0.11878097289235331
2025-08-14,0.007769163146752773,0.006295149358823728,0.005618199543695619,0.007581341325603609,0.12333164148837511,0.09993239801673179,0.08918615285133101,0.12035006251106346
2025-08-15,0.007506623353006375,0.004441551386367196,0.005548547137307802,0.007612723620710397,0.11916395146730814,0.07050744242185056,0.08808045517821479,0.12084824100160146
2025-08-18,0.00747528625536884,0.005117243957609752,0.00537766781341648,0.007572052820705291,0.11866649046435133,0.08123372945930014,0.08536783000689901,0.12020261206698814
2025-08-19,0.007477171243051608,0.0050374069811704655,0.005130698187164124,0.007615439006335911,0.11869641371614949,0.07996635674878609,0.0814473087321972,0.12089134641207396
2025-08-20,0.007379756574066067,0.003470675492040077,0.004959103293022365,0.007588723968780537,0.11715000378703697,0.05509526540006866,0.07872332423531192,0.12046725833825034
2025-08-21,0.007312511031870664,0.004197940170226013,0.0044934913725793385,0.007582852760949385,0.11608251389847656,0.06664023425487711,0.07133196414155528,0.12037405580334952
2025-08-22,0.007244040686654241,0.005637404071649556,0.0047541617458083055,0.007624796839972803,0.11499558086472417,0.08949101528140604,0.07546997803191269,0.12103989741575515
2025-08-25,0.007178441542156334,0.003838484195978573,0.004506840239627296,0.00739115643837425,0.11395422672936387,0.060934047564066125,0.07154387083651544,0.11733097102267298
2025-08-26,0.007096025924852936,0.006297497857022048,0.0048133367821683,0.007348069620782601,0.11264591936416789,0.0999696792698552,0.07640935261210319,0.11664698899787675
2025-08-27,0.006966439008293129,0.009368535797226966,0.006189748452170685,0.00678282304436617,0.11058879083785832,0.14872089520961276,0.09825921049494366,0.10767397777410548
2025-08-28,0.006805686256333236,0.0026817796946527073,0.006018873153067795,0.006331384006520499,0.10803692001232755,0.04257193285868279,0.09554664921516351,0.10050760521662995
2025-08-29,0.00670385684587849,0.008532943562930832,0.00666580784818634,0.006074312762951219,0.10642042823503407,0.13545627971318644,0.10581641912186188,0.09642672573836739
2025-09-01,0.00646176232343262,0.007808881089665148,0.007326795128764905,0.00584829124556516,0.1025772968340578,0.12396214428557432,0.11630926690698842,0.09283874538264954
2025-09-02,0.006369334319226923,0.005654642005365143,0.007221165158672225,0.0055487638510658115,0.10111004775421993,0.0897646589957744,0.1146324431158259,0.08808389540247107
2025-09-03,0.006275637818327075,0.004008519215660936,0.006148575356332688,0.005564209016819543,0.09962266191363232,0.06363326982157515,0.09760560786117986,0.08832907980772634
2025-09-04,0.006749184386700246,0.00767419264769456,0.006938676891537549,0.0057212142499021715,0.10713998063837304,0.12182403155400075,0.11014808089703429,0.09082146061536053
2025-09-05,0.0066540202644969175,0.0034231349072163576,0.005993878740358805,0.0057563754770342136,0.10562929703185844,0.054340582012311865,0.09514987521399891,0.09137962779205998
2025-09-08,0.008777430097921821,0.009168445446926543,0.006367333504872576,0.005940679307027511,0.13933738313612673,0.14554455936978047,0.10107828581101269,0.09430536039109393
2025-09-09,0.009775392753548594,0.010003283977424613,0.007359421090487743,0.006226286327713649,0.15517954916323495,0.1587972101893355,0.11682718799300608,0.09883923128767154
2025-09-10,0.009784660213671142,0.011572032228891345,0.008816451639291211,0.006575631786550056,0.1553266655318518,0.18370031664762584,0.1399568309015537,0.10438491852205685
2025-09-11,0.009498724864333782,0.012078205897702688,0.009753347347995411,0.006937342585029226,0.15078758257951758,0.19173557453492976,0.15482958919936324,0.11012689943787174
2025-09-12,0.011829992299638237,0.012280457663295778,0.011088108136918578,0.007351237209074676,0.18779530581991127,0.19494622177882803,0.1760182598428697,0.11669727290313676
2025-09-15,0.011213097157382522,0.012904231428760102,0.01180838267616696,0.007733590928854833,0.17800239903143666,0.20484832332553762,0.1874522636821268,0.1227669500355294
2025-09-16,0.010794813238477079,0.0075981300274981485,0.011444259667759204,0.00784448164926401,0.1713623476703888,0.12061657489135477,0.1816719901208252,0.12452728564897425
2025-09-17,0.01022800491765623,0.009903171273917799,0.011126691045315315,0.008050059986120184,0.1623645445227843,0.15720797028999126,0.1766307445257218,0.12779074057455647
2025-09-18,0.009840909038675117,0.009205958035455805,0.010562981337984082,0.00821597789625789,0.15621958794685242,0.1461400532514768,0.16768213034233315,0.13042460574421205
2025-09-19,0.00942808882189048,0.009869922042195726,0.010044785656568288,0.00844883051123735,0.1496662701681009,0.15668015509946787,0.15945602892137006,0.13412102641241241
2025-09-22,0.009116814844669032,0.006635659141101958,0.008740725117538076,0.008519575012692366,0.1447249489680973,0.10533782323408944,0.1387547096362894,0.13524406055726373
2025-09-23,0.008642709357527641,0.004664438001081243,0.008318975656328931,0.008492794116539746,0.1371987576829738,0.07404565774044118,0.13205964449668012,0.13481892701062007
2025-09-24,0.008265608052587208,0.005206629061842524,0.007417047455154098,0.008525846178200392,0.13121246005127185,0.08265267399958115,0.11774197817221345,0.13534361222345231
2025-09-25,0.007925491709207793,0.005282967638601692,0.006606406715908108,0.00849446995244732,0.12581328048280838,0.08386451133685338,0.10487345538023878,0.1348455300809176
2025-09-26,0.007795300898802236,0.005182941303351867,0.0054345297481005386,0.008329918292125559,0.123746565438894,0.08227664249108413,0.08627048523633912,0.13223335345471268
2025-09-29,0.007659142394427089,0.007244873059746756,0.005587965306440312,0.008452600718385514,0.12158511619011515,0.11500879437792907,0.08870619921418742,0.13418087659544384
2025-09-30,0.007928863372260517,0.006312931024272126,0.005902929740072968,0.008363514018333615,0.12586680397446165,0.10021467320476984,0.09370610459352131,0.13276666907467946
2025-10-01,0.009194657229767382,0.009479012854400809,0.006884266062369498,0.008441609952513768,0.14596065852267942,0.1504746641227743,0.10928433576138939,0.1340064035961552
2025-10-02,0.008863019323964123,0.010403269669277059,0.007965976008358066,0.008644467943539071,0.14069606997821327,0.1651467862010896,0.12645594880813457,0.13722667437044594
2025-10-03,0.009222725924304776,0.008656458303836934,0.008548160721941981,0.008797872203123853,0.1464062352349125,0.13741701543931517,0.135697844623613,0.13966189149596192
2025-10-06,0.009389791473535613,0.0075189672348019345,0.008595370163837494,0.008791777801753909,0.1490583186103798,0.11935990451597352,0.13644727128035108,0.13956514587347382
2025-10-07,0.009985814958919733,0.009125400402542594,0.009086493005075675,0.008974845990202544,0.1585198981176617,0.14486124047409846,0.14424360468694922,0.142471263271087
2025-10-08,0.009763936537098393,0.011560012957592219,0.009556191611120727,0.009099516569874507,0.15499768736507719,0.18350951663083961,0.15169983890344266,0.14445034736879667
2025-10-09,0.009289795105110762,0.004510237191990735,0.008587411836619402,0.008898168833361721,0.1474709254732093,0.0715977957835306,0.1363209367523242,0.14125405114164513
2025-10-10,0.008960422126094103,0.006458712622889309,0.008191445643322763,0.008659482526405636,0.14224229152683385,0.10252888433879286,0.1300351683020132,0.13746502348427175
2025-10-13,0.010004710038931663,0.0065917943953572615,0.008030140642730933,0.008386338250110962,0.15881984821394712,0.10464149198270817,0.12747453080123053,0.1331289925215732
2025-10-14,0.010693507487190534,0.00558205536049526,0.007352580543606512,0.008055558287248198,0.16975416872468024,0.08861238173079276,0.11671859767772959,0.1278780233990649
2025-10-15,0.011035424454478405,0.010494368015902625,0.007025668135126545,0.007894868863870756,0.17518193231154292,0.16659292762121206,0.11152902407769465,0.1253271578836144
2025-10-16,0.013481781910474595,0.02011790754561219,0.011235550971897195,0.008837512042961727,0.21401665299075026,0.31936188158807804,0.17835884228658025,0.14029115444529058
2025-10-17,0.01370184900776169,0.012761530831624394,0.012266456119287264,0.00900257409728132,0.2175101098577673,0.20258302157376862,0.1947239541583233,0.14291143332502906
2025-10-20,0.012686388118652999,0.005608419924568636,0.012168256648604187,0.008867007794460771,0.2013901679856025,0.08903090621056944,0.19316508588848968,0.14075938498448717
2025-10-21,0.011917122749468514,0.007067811441590273,0.012321744729197242,0.00874451203599739,0.18917845883114387,0.11219802832766869,0.19560163363126087,0.13881482510316112
2025-10-22,0.011131239544965333,0.006618862682787638,0.011771189821067366,0.00874393339674111,0.17670294971919628,0.10507118772445131,0.1868618454112749,0.1388056394897355
2025-10-23,0.010468653222497152,0.0106254719157692,0.008955166089327738,0.008977709363126996,0.16618471793101436,0.16867413751095808,0.14215885452984017,0.1425167179071006
2025-10-24,0.01194377321651328,0.011454182885483364,0.00859437763709214,0.009237456257442501,0.18960152187988893,0.18182951631864724,0.13643151540672438,0.14664007202418183
2025-10-27,0.011239123495660149,0.007714624718670065,0.008914905443630505,0.009314892391558707,0.1784155543431581,0.12246587078275574,0.1415197365930136,0.1478693325443522
2025-10-28,0.010991996128911255,0.010168847794784814,0.009495569516822745,0.009499812033495928,0.17449252901570317,0.16142545431040917,0.15073749299063244,0.15080484085493417
2025-10-29,0.010353126658879433,0.007822507210897962,0.009676894936858813,0.00952061128717177,0.16435079058808816,0.12417845225427299,0.15361594479737103,0.1511350187710263
2025-10-30,0.009786201547269181,0.010863198241121258,0.00972954162011868,0.009705389416804452,0.15535113344417856,0.17244792593280675,0.15445168498491899,0.15406828064341668
2025-10-31,0.01022397621691287,0.005062278007461191,0.008576109301295412,0.00955380889305642,0.16230059088114254,0.08036117205128335,0.1361415145664134,0.1516620144267874
2025-11-03,0.009425304846531094,0.0030751119426799195,0.007971061819468293,0.00931588113648176,0.1496220759293585,0.04881588872409467,0.12653668355661082,0.14788502838341103
2025-11-04,0.008991833397171285,0.005466553939746942,0.006988088138418287,0.009205317265998896,0.14274092999664179,0.08677885351854464,0.11093246012433058,0.14612988135169255
2025-11-05,0.008768764482334287,0.00837329216968893,0.0071145946032916746,0.00923877747906835,0.13919982075331536,0.13292189241528815,0.11294068799611205,0.1466610457672746
2025-11-06,0.00829025563491963,0.005559872758753602,0.005761777345811033,0.009109060068657662,0.13160372829089534,0.08826024384494788,0.09146537980045079,0.1446018457153027
2025-11-07,0.007953163385517383,0.0059123060558056275,0.005921471019707802,0.008859434931382712,0.1262525547260611,0.09385494899137715,0.09400043828293739,0.14063916950998345
2025-11-10,0.007791230780294478,0.005546185051888208,0.006270932153292242,0.008886120049566229,0.12368195431062545,0.08804295823464037,0.09954796179702027,0.14106278262850316
2025-11-11,0.007522038932441646,0.0028640805358727444,0.005915111084261641,0.008799991834571521,0.11940866620431827,0.045465868996679336,0.09389947743766758,0.13969553960205178
2025-11-12,0.007450501556421158,0.0026146347830492116,0.004725822446633632,0.008704913450683593,0.11827304556594032,0.0415060404312452,0.07502010560423643,0.13818621704909945
2025-11-13,0.007478337475322116,0.009381045768003294,0.0058096269001266096,0.008852082645804487,0.1187149270795017,0.14891948483910988,0.09222496792683654,0.140522455594736
2025-11-14,0.0072392445461433134,0.004590964583256053,0.005565616165359755,0.008620407271149714,0.11491944449445515,0.07287930339120482,0.08835141759829711,0.13684472303733053
2025-11-17,0.007109748968402358,0.004736021227383259,0.005413873750596808,0.007545471147718487,0.11286376592694397,0.07518200622947394,0.08594258144147807,0.11978064109005739
2025-11-18,0.006992090671105763,0.003572410900356094,0.00549744135506735,0.007078958632253839,0.1109959983609634,0.05671026493967143,0.08726917603602086,0.11237498449354559
2025-11-19,0.007088243654168257,0.0040509850352953725,0.005668923565712982,0.007030493719516154,0.11252237964696558,0.06430739380941461,0.08999137173786045,0.1116056278550474
2025-11-20,0.008277842758626822,0.0074804888536579685,0.0050722217175081874,0.007049875168460467,0.13140667998854064,0.11874907915181776,0.08051902355464546,0.11191329881877589
2025-11-21,0.00825621627544139,0.00968523630087997,0.006346085599122978,0.007209245126885669,0.1310633702110912,0.1537483598461413,0.10074098576404643,0.11444321847746262
2025-11-24,0.008091772415705238,0.011564090032938172,0.007907746750885096,0.007274607960216478,0.12845290486613054,0.18357423819549082,0.125531588002326,0.11548082128934194
2025-11-25,0.008227915735736231,0.008206787101749293,0.008570315376613916,0.007072325419311023,0.13061411307091866,0.130278706404487,0.13604953886347973,0.11226968550250543
2025-11-26,0.007958300618638189,0.003558036473068955,0.008526437381000654,0.006920113961882472,0.12633410577364879,0.056482077980626925,0.13535299727695568,0.10985340352420159
2025-11-27,0.008044555341291313,0.005109657693152235,0.008168862348113294,0.006661417524778277,0.12770335704691888,0.0811133012444928,0.1296766696045615,0.10574672489838459
2025-11-28,0.007932182965176778,0.010304294967638494,0.008318969321837618,0.006813174108042126,0.12591950087832404,0.16357561152135486,0.13205954393974792,0.10815578597318268
2025-12-01,0.007549685072842633,0.0043060122026837185,0.006794701107305967,0.006472874085704986,0.11984753507758901,0.06835582458426344,0.10786253617768074,0.10275369059165988
2025-12-02,0.007333655811012736,0.005264118113378958,0.0061838402415698044,0.00648018818937377,0.1164181768613004,0.08356528440042743,0.0981654205592837,0.10286979838788557
2025-12-03,0.007131840415499987,0.009620200512331556,0.0073632606231216055,0.0067653341037259935,0.11321445677767517,0.15271594870923277,0.11688813868400558,0.10739634944833822
2025-12-04,0.0073982466872743,0.008826970705410398,0.008036104094809243,0.006924812441269855,0.11744352523461146,0.14012381589940978,0.12756919766815847,0.10992798957219664
2025-12-05,0.007323306102127102,0.015770447760428363,0.00964803993459163,0.007488055951235525,0.11625388032618059,0.2503480970293739,0.15315788583689602,0.1188692031018384
2025-12-08,0.007121463025146135,0.010080159744884997,0.010473693257776837,0.007699642960504119,0.11304972081287036,0.16001757516461995,0.1662647260107086,0.12222804274489812
2025-12-09,0.007710093620835794,0.008032075303860254,0.010819376566743576,0.0077864039681435045,0.12239394183454223,0.12750524259454674,0.17175227841817997,0.12360533104316525
2025-12-10,0.009764959224119798,0.013067903541130842,0.011519690894533585,0.008184874750369707,0.15501392201824335,0.2074465375608752,0.18286942372362636,0.1299308586101407
2025-12-11,0.011921818096884383,0.018781113231113325,0.01369913277469782,0.009091342284701457,0.18925299516063251,0.29814092972682366,0.217466990994628,0.144320584614515
2025-12-12,0.011138589498670826,0.011829987573488824,0.012880782408832935,0.00941823036545098,0.17681962661711173,0.18779523079461524,0.20447608167424472,0.1495097720238016
2025-12-15,0.010603208594939552,0.006478970295521057,0.012409191858666704,0.009306499261650761,0.16832071824931594,0.10285046492234025,0.19698981377591687,0.14773609573760488
2025-12-16,0.010064261699990714,0.0075229850053752855,0.01234521188664253,0.00939283763577025,0.15976520152588547,0.11942368464654551,0.19597416320672786,0.14910667493673582
2025-12-17,0.011258988875924872,0.011626500034171934,0.012053436710867985,0.009661790678941918,0.17873090747843923,0.18456496625101743,0.19134237588367822,0.15337617213625335
2025-12-18,0.0108189483151506,0.006360388657790776,0.009101109958605427,0.00972671299463102,0.17174548013489846,0.10096803978138179,0.14447564163073986,0.15440678194736407
2025-12-19,0.010683827518960609,0.011253756521775295,0.008953763926479251,0.009980966798347172,0.1696005039928679,0.17864784643133205,0.1421365958846719,0.15844293595451509
2025-12-22,0.012656382048085463,0.016098390688000463,0.011117828645095229,0.01043341186744298,0.20091383638233878,0.25555402961284335,0.17649005828371297,0.16562527876298475
2025-12-23,0.012217620538856984,0.010595659836654819,0.011607784223455398,0.01047355552087733,0.1939487133526232,0.1682008854265435,0.18426786196657194,0.16626253950521386
